prodcatg,mode,detector,date,n,edge_med,full_med,row_struct,col_struct
CAL.R-ARC,FAST,1.A.Green,2026-04-07,10,878.0,885.5,3.264,5.144
CAL.R-ARC,FAST,1.A.Green,2026-05-02,11,879.0,886.0,2.73,4.173
CAL.R-ARC,FAST,1.A.Green,2026-06-30,9,882.0,890.0,3.992,6.439
CAL.R-ARC,FAST,1.A.Red,2026-04-07,10,1757.5,1767.0,29.588,342.652
CAL.R-ARC,FAST,1.A.Red,2026-05-02,11,1759.0,1767.0,24.918,287.38
CAL.R-ARC,FAST,1.A.Red,2026-06-30,9,1766.0,1777.0,39.451,431.605
CAL.R-ARC,FAST,1.B.Blue,2026-04-07,10,1227.0,1233.0,3.558,7.69
CAL.R-ARC,FAST,1.B.Blue,2026-05-02,11,1227.0,1232.0,3.004,6.641
CAL.R-ARC,FAST,1.B.Blue,2026-06-30,9,1231.0,1237.0,4.371,9.19
CAL.R-ARC,FAST,1.B.Green,2026-04-07,10,1043.5,1054.5,5.259,8.016
CAL.R-ARC,FAST,1.B.Green,2026-05-02,11,1043.0,1053.0,4.512,6.821
CAL.R-ARC,FAST,1.B.Green,2026-06-30,9,1044.0,1056.0,6.37,9.479
CAL.R-ARC,FAST,1.B.Red,2026-04-07,10,1566.0,1581.0,34.063,548.199
CAL.R-ARC,FAST,1.B.Red,2026-05-02,11,1569.0,1582.0,28.953,472.312
CAL.R-ARC,FAST,1.B.Red,2026-06-30,9,1579.0,1596.0,41.301,645.334
CAL.R-ARC,FAST,2.A.Blue,2026-04-07,10,808.0,815.5,4.401,8.503
CAL.R-ARC,FAST,2.A.Blue,2026-05-02,11,812.0,819.0,3.59,6.833
CAL.R-ARC,FAST,2.A.Blue,2026-06-30,9,817.0,825.0,5.263,10.348
CAL.R-ARC,FAST,2.A.Green,2026-04-07,10,864.0,873.5,5.39,6.468
CAL.R-ARC,FAST,2.A.Green,2026-05-02,11,862.0,870.0,4.493,5.199
CAL.R-ARC,FAST,2.A.Green,2026-06-30,9,859.0,869.0,6.235,7.963
CAL.R-ARC,FAST,2.A.Red,2026-04-07,10,835.0,847.5,83.158,527.737
CAL.R-ARC,FAST,2.A.Red,2026-05-02,11,836.0,847.0,72.064,426.733
CAL.R-ARC,FAST,2.A.Red,2026-06-30,9,844.0,859.0,106.18,645.637
CAL.R-ARC,FAST,2.B.Blue,2026-04-07,10,1431.0,1436.0,4.242,7.667
CAL.R-ARC,FAST,2.B.Blue,2026-05-02,11,1430.0,1436.0,3.554,6.502
CAL.R-ARC,FAST,2.B.Blue,2026-06-30,9,1434.0,1440.0,5.033,9.106
CAL.R-ARC,FAST,2.B.Green,2026-04-07,10,760.0,763.5,5.885,7.408
CAL.R-ARC,FAST,2.B.Green,2026-05-02,11,760.0,763.0,4.778,6.076
CAL.R-ARC,FAST,2.B.Green,2026-06-30,9,760.0,763.0,6.815,8.541
CAL.R-ARC,FAST,2.B.Red,2026-04-07,10,1664.5,1678.5,89.202,516.56
CAL.R-ARC,FAST,2.B.Red,2026-05-02,11,1664.0,1676.0,73.198,436.645
CAL.R-ARC,FAST,2.B.Red,2026-06-30,9,1673.0,1688.0,106.896,609.419
CAL.R-ARC,FAST,3.A.Blue,2026-04-07,10,1448.0,1454.0,1415.212,8.128
CAL.R-ARC,FAST,3.A.Blue,2026-05-02,11,1448.0,1453.0,1415.254,6.588
CAL.R-ARC,FAST,3.A.Blue,2026-06-30,9,1447.0,1454.0,1415.182,9.787
CAL.R-ARC,FAST,3.A.Green,2026-04-07,10,791.0,798.0,5.601,6.261
CAL.R-ARC,FAST,3.A.Green,2026-05-02,11,790.0,796.0,4.654,5.093
CAL.R-ARC,FAST,3.A.Green,2026-06-30,9,788.0,797.0,6.757,7.6
CAL.R-ARC,FAST,3.A.Red,2026-04-07,10,1753.5,1765.0,48.654,446.586
CAL.R-ARC,FAST,3.A.Red,2026-05-02,11,1754.0,1764.0,39.748,372.856
CAL.R-ARC,FAST,3.A.Red,2026-06-30,9,1761.0,1774.0,59.327,532.992
CAL.R-ARC,FAST,3.B.Blue,2026-04-07,10,1071.0,1078.5,5.393,10.802
CAL.R-ARC,FAST,3.B.Blue,2026-05-02,11,1072.0,1079.0,4.67,8.951
CAL.R-ARC,FAST,3.B.Blue,2026-06-30,9,1071.0,1080.0,6.413,12.816
CAL.R-ARC,FAST,3.B.Green,2026-04-07,10,871.5,879.5,6.285,8.647
CAL.R-ARC,FAST,3.B.Green,2026-05-02,11,872.0,880.0,5.323,7.153
CAL.R-ARC,FAST,3.B.Green,2026-06-30,9,874.0,883.0,7.435,10.286
CAL.R-ARC,FAST,3.B.Red,2026-04-07,10,1493.5,1509.5,26.824,578.204
CAL.R-ARC,FAST,3.B.Red,2026-05-02,11,1493.0,1508.0,20.967,483.805
CAL.R-ARC,FAST,3.B.Red,2026-06-30,9,1500.0,1518.0,31.246,675.506
CAL.R-ARC,FAST,4.A.Green,2026-04-07,10,869.0,878.5,4.056,7.422
CAL.R-ARC,FAST,4.A.Green,2026-05-02,11,867.0,875.0,3.468,6.167
CAL.R-ARC,FAST,4.A.Green,2026-06-30,9,863.0,874.0,4.813,9.005
CAL.R-ARC,FAST,4.A.Red,2026-04-07,10,1540.0,1539.0,96.381,505.299
CAL.R-ARC,FAST,4.A.Red,2026-05-02,11,1536.0,1532.0,82.049,426.128
CAL.R-ARC,FAST,4.A.Red,2026-06-30,9,1531.0,1526.0,161.064,683.531
CAL.R-ARC,FAST,4.B.Blue,2026-04-07,10,873.5,881.0,5.096,10.602
CAL.R-ARC,FAST,4.B.Blue,2026-05-02,11,871.0,877.0,4.306,8.789
CAL.R-ARC,FAST,4.B.Blue,2026-06-30,9,867.0,876.0,5.998,12.69
CAL.R-ARC,FAST,4.B.Green,2026-04-07,10,799.0,808.0,7.628,8.345
CAL.R-ARC,FAST,4.B.Green,2026-05-02,11,795.0,803.0,6.378,6.892
CAL.R-ARC,FAST,4.B.Green,2026-06-30,9,792.0,803.0,8.958,9.976
CAL.R-ARC,FAST,4.B.Red,2026-04-07,10,1931.0,1943.5,33.845,509.322
CAL.R-ARC,FAST,4.B.Red,2026-05-02,11,1926.0,1937.0,28.556,432.237
CAL.R-ARC,FAST,4.B.Red,2026-06-30,9,1917.0,1931.0,40.895,605.253
CAL.R-ARC,SLOW,1.A.Green,2026-04-07,3,693.0,724.0,25.6,42.027
CAL.R-ARC,SLOW,1.A.Green,2026-05-02,3,692.0,721.0,23.99,39.032
CAL.R-ARC,SLOW,1.A.Green,2026-06-30,3,693.0,727.0,27.236,44.859
CAL.R-ARC,SLOW,1.A.Red,2026-04-07,3,1682.0,1740.0,245.339,1678.476
CAL.R-ARC,SLOW,1.A.Red,2026-05-02,3,1680.0,1734.0,236.154,1656.212
CAL.R-ARC,SLOW,1.A.Red,2026-06-30,3,1682.0,1746.0,276.498,1851.58
CAL.R-ARC,SLOW,1.B.Blue,2026-04-07,3,704.0,734.0,28.602,61.539
CAL.R-ARC,SLOW,1.B.Blue,2026-05-02,3,704.0,735.0,27.396,60.682
CAL.R-ARC,SLOW,1.B.Blue,2026-06-30,3,704.0,733.0,30.072,62.878
CAL.R-ARC,SLOW,1.B.Green,2026-04-07,3,661.0,726.0,41.543,65.268
CAL.R-ARC,SLOW,1.B.Green,2026-05-02,3,661.0,725.0,40.416,63.641
CAL.R-ARC,SLOW,1.B.Green,2026-06-30,3,661.0,726.0,43.234,66.017
CAL.R-ARC,SLOW,1.B.Red,2026-04-07,3,1714.0,1814.0,382.135,3310.963
CAL.R-ARC,SLOW,1.B.Red,2026-05-02,3,1714.0,1812.0,375.512,3268.429
CAL.R-ARC,SLOW,1.B.Red,2026-06-30,3,1715.0,1819.0,391.191,3371.898
CAL.R-ARC,SLOW,2.A.Blue,2026-04-07,3,551.0,583.0,34.706,67.813
CAL.R-ARC,SLOW,2.A.Blue,2026-05-02,3,551.0,579.0,33.13,63.337
CAL.R-ARC,SLOW,2.A.Blue,2026-06-30,3,550.0,586.0,35.986,71.703
CAL.R-ARC,SLOW,2.A.Green,2026-04-07,3,637.0,682.0,39.349,51.9
CAL.R-ARC,SLOW,2.A.Green,2026-05-02,3,637.0,677.0,37.395,48.639
CAL.R-ARC,SLOW,2.A.Green,2026-06-30,3,637.0,686.0,40.155,55.194
CAL.R-ARC,SLOW,2.A.Red,2026-04-07,3,1613.0,1693.0,537.581,2745.391
CAL.R-ARC,SLOW,2.A.Red,2026-05-02,3,1612.0,1686.0,512.839,2618.606
CAL.R-ARC,SLOW,2.A.Red,2026-06-30,3,1616.0,1702.0,558.051,2870.439
CAL.R-ARC,SLOW,2.B.Blue,2026-04-07,3,504.0,523.0,33.605,60.847
CAL.R-ARC,SLOW,2.B.Blue,2026-05-02,3,504.0,523.0,32.658,59.662
CAL.R-ARC,SLOW,2.B.Blue,2026-06-30,3,504.0,523.0,34.574,62.659
CAL.R-ARC,SLOW,2.B.Green,2026-04-07,3,632.0,691.0,50.012,61.522
CAL.R-ARC,SLOW,2.B.Green,2026-05-02,3,631.0,690.0,48.917,59.764
CAL.R-ARC,SLOW,2.B.Green,2026-06-30,3,631.0,690.0,51.836,62.686
CAL.R-ARC,SLOW,2.B.Red,2026-04-07,3,1595.0,1690.0,565.785,3110.919
CAL.R-ARC,SLOW,2.B.Red,2026-05-02,3,1594.0,1687.0,554.303,3047.267
CAL.R-ARC,SLOW,2.B.Red,2026-06-30,3,1595.0,1692.0,574.514,3168.953
CAL.R-ARC,SLOW,3.A.Blue,2026-04-07,3,495.0,516.0,1435.157,63.121
CAL.R-ARC,SLOW,3.A.Blue,2026-05-02,3,495.0,513.0,1435.23,59.573
CAL.R-ARC,SLOW,3.A.Blue,2026-06-30,3,495.0,518.0,1435.093,66.34
CAL.R-ARC,SLOW,3.A.Green,2026-04-07,3,694.0,725.0,43.705,49.192
CAL.R-ARC,SLOW,3.A.Green,2026-05-02,3,695.0,723.0,41.956,46.585
CAL.R-ARC,SLOW,3.A.Green,2026-06-30,3,694.0,728.0,45.932,51.921
CAL.R-ARC,SLOW,3.A.Red,2026-04-07,3,1710.0,1782.0,367.344,1969.423
CAL.R-ARC,SLOW,3.A.Red,2026-05-02,3,1710.0,1780.0,351.053,1898.351
CAL.R-ARC,SLOW,3.A.Red,2026-06-30,3,1713.0,1790.0,385.394,2052.539
CAL.R-ARC,SLOW,3.B.Blue,2026-04-07,3,836.0,882.0,42.906,86.174
CAL.R-ARC,SLOW,3.B.Blue,2026-05-02,3,835.0,876.0,42.862,82.927
CAL.R-ARC,SLOW,3.B.Blue,2026-06-30,3,836.0,883.0,44.092,88.657
CAL.R-ARC,SLOW,3.B.Green,2026-04-07,3,676.0,724.0,49.915,69.083
CAL.R-ARC,SLOW,3.B.Green,2026-05-02,3,676.0,721.0,49.164,66.683
CAL.R-ARC,SLOW,3.B.Green,2026-06-30,3,678.0,728.0,51.101,71.1
CAL.R-ARC,SLOW,3.B.Red,2026-04-07,3,1654.0,1756.0,393.148,3204.916
CAL.R-ARC,SLOW,3.B.Red,2026-05-02,3,1654.0,1752.0,381.956,3137.431
CAL.R-ARC,SLOW,3.B.Red,2026-06-30,3,1656.0,1761.0,405.121,3274.527
CAL.R-ARC,SLOW,4.A.Green,2026-04-07,3,300.0,343.0,30.266,58.415
CAL.R-ARC,SLOW,4.A.Green,2026-05-02,3,300.0,340.0,29.115,55.853
CAL.R-ARC,SLOW,4.A.Green,2026-06-30,3,302.0,348.0,31.67,61.393
CAL.R-ARC,SLOW,4.A.Red,2026-04-07,3,1567.0,1647.0,603.348,2560.86
CAL.R-ARC,SLOW,4.A.Red,2026-05-02,3,1566.0,1643.0,582.303,2476.849
CAL.R-ARC,SLOW,4.A.Red,2026-06-30,3,1567.0,1652.0,632.781,2668.754
CAL.R-ARC,SLOW,4.B.Blue,2026-04-07,3,678.0,713.0,39.641,83.677
CAL.R-ARC,SLOW,4.B.Blue,2026-05-02,3,678.0,710.0,38.594,80.449
CAL.R-ARC,SLOW,4.B.Blue,2026-06-30,3,678.0,715.0,40.709,86.969
CAL.R-ARC,SLOW,4.B.Green,2026-04-07,3,669.0,712.0,59.542,66.696
CAL.R-ARC,SLOW,4.B.Green,2026-05-02,3,669.0,710.0,57.244,64.052
CAL.R-ARC,SLOW,4.B.Green,2026-06-30,3,669.0,715.0,60.929,69.138
CAL.R-ARC,SLOW,4.B.Red,2026-04-07,3,1749.0,1827.0,296.915,2312.683
CAL.R-ARC,SLOW,4.B.Red,2026-05-02,3,1748.0,1824.0,289.559,2248.152
CAL.R-ARC,SLOW,4.B.Red,2026-06-30,3,1749.0,1831.0,308.132,2389.723
CAL.R-BIA,FAST,1.A.Green,2026-04-07,13,877.0,878.0,0.996,0.359
CAL.R-BIA,FAST,1.A.Green,2026-05-02,1,863.0,864.0,0.893,0.351
CAL.R-BIA,FAST,1.A.Green,2026-06-30,11,880.0,881.0,0.989,0.371
CAL.R-BIA,FAST,1.A.Red,2026-04-07,13,1754.0,1754.0,0.277,0.463
CAL.R-BIA,FAST,1.A.Red,2026-05-02,1,1755.0,1754.0,0.312,0.474
CAL.R-BIA,FAST,1.A.Red,2026-06-30,11,1761.0,1761.0,0.281,0.489
CAL.R-BIA,FAST,1.B.Blue,2026-04-07,13,1226.0,1226.0,0.183,0.201
CAL.R-BIA,FAST,1.B.Blue,2026-05-02,1,1223.0,1223.0,0.179,0.219
CAL.R-BIA,FAST,1.B.Blue,2026-06-30,11,1229.0,1229.0,0.184,0.199
CAL.R-BIA,FAST,1.B.Green,2026-04-07,13,1041.0,1043.0,0.765,0.484
CAL.R-BIA,FAST,1.B.Green,2026-05-02,1,1038.0,1040.0,0.746,0.475
CAL.R-BIA,FAST,1.B.Green,2026-06-30,11,1042.0,1043.0,0.771,0.531
CAL.R-BIA,FAST,1.B.Red,2026-04-07,13,1560.0,1561.0,1.072,0.387
CAL.R-BIA,FAST,1.B.Red,2026-05-02,1,1553.0,1554.0,1.034,0.38
CAL.R-BIA,FAST,1.B.Red,2026-06-30,11,1572.0,1573.0,1.075,0.389
CAL.R-BIA,FAST,2.A.Blue,2026-04-07,13,806.0,806.0,0.306,0.382
CAL.R-BIA,FAST,2.A.Blue,2026-05-02,1,804.0,804.0,0.25,0.371
CAL.R-BIA,FAST,2.A.Blue,2026-06-30,11,814.0,814.0,0.308,0.395
CAL.R-BIA,FAST,2.A.Green,2026-04-07,13,860.0,862.0,1.355,0.248
CAL.R-BIA,FAST,2.A.Green,2026-05-02,1,879.0,880.0,1.334,0.249
CAL.R-BIA,FAST,2.A.Green,2026-06-30,11,856.0,858.0,1.356,0.254
CAL.R-BIA,FAST,2.A.Red,2026-04-07,13,828.0,829.0,0.341,0.35
CAL.R-BIA,FAST,2.A.Red,2026-05-02,1,822.0,822.0,0.325,0.355
CAL.R-BIA,FAST,2.A.Red,2026-06-30,11,837.0,837.0,0.356,0.365
CAL.R-BIA,FAST,2.B.Blue,2026-04-07,13,1429.0,1429.0,0.294,0.2
CAL.R-BIA,FAST,2.B.Blue,2026-05-02,1,1427.0,1427.0,0.294,0.202
CAL.R-BIA,FAST,2.B.Blue,2026-06-30,11,1432.0,1432.0,0.302,0.199
CAL.R-BIA,FAST,2.B.Green,2026-04-07,13,760.0,760.0,0.108,0.109
CAL.R-BIA,FAST,2.B.Green,2026-05-02,1,764.0,764.0,0.187,0.279
CAL.R-BIA,FAST,2.B.Green,2026-06-30,11,760.0,760.0,0.106,0.108
CAL.R-BIA,FAST,2.B.Red,2026-04-07,13,1659.0,1659.0,0.188,0.419
CAL.R-BIA,FAST,2.B.Red,2026-05-02,1,1646.0,1646.0,0.189,0.413
CAL.R-BIA,FAST,2.B.Red,2026-06-30,11,1666.0,1666.0,0.195,0.444
CAL.R-BIA,FAST,3.A.Blue,2026-04-07,13,1446.0,1446.0,1415.481,0.222
CAL.R-BIA,FAST,3.A.Blue,2026-05-02,1,1448.0,1448.0,1415.438,0.234
CAL.R-BIA,FAST,3.A.Blue,2026-06-30,11,1446.0,1445.0,1415.503,0.447
CAL.R-BIA,FAST,3.A.Green,2026-04-07,13,788.0,788.0,0.515,0.381
CAL.R-BIA,FAST,3.A.Green,2026-05-02,1,802.0,803.0,0.586,0.374
CAL.R-BIA,FAST,3.A.Green,2026-06-30,11,786.0,786.0,0.499,0.413
CAL.R-BIA,FAST,3.A.Red,2026-04-07,13,1749.0,1749.0,0.179,0.504
CAL.R-BIA,FAST,3.A.Red,2026-05-02,1,1740.0,1740.0,0.194,0.492
CAL.R-BIA,FAST,3.A.Red,2026-06-30,11,1755.0,1755.0,0.181,0.524
CAL.R-BIA,FAST,3.B.Blue,2026-04-07,13,1069.0,1069.0,0.334,0.307
CAL.R-BIA,FAST,3.B.Blue,2026-05-02,1,1068.0,1068.0,0.305,0.302
CAL.R-BIA,FAST,3.B.Blue,2026-06-30,11,1069.0,1069.0,0.34,0.329
CAL.R-BIA,FAST,3.B.Green,2026-04-07,13,870.0,870.0,0.223,0.421
CAL.R-BIA,FAST,3.B.Green,2026-05-02,1,868.0,868.0,0.21,0.418
CAL.R-BIA,FAST,3.B.Green,2026-06-30,11,871.0,872.0,0.225,0.436
CAL.R-BIA,FAST,3.B.Red,2026-04-07,13,1488.0,1489.0,1.507,0.344
CAL.R-BIA,FAST,3.B.Red,2026-05-02,1,1479.0,1481.0,1.465,0.347
CAL.R-BIA,FAST,3.B.Red,2026-06-30,11,1492.0,1493.0,1.52,0.362
CAL.R-BIA,FAST,4.A.Green,2026-04-07,13,866.0,867.0,1.009,0.374
CAL.R-BIA,FAST,4.A.Green,2026-05-02,1,883.0,884.0,1.008,0.374
CAL.R-BIA,FAST,4.A.Green,2026-06-30,11,861.0,863.0,0.885,0.389
CAL.R-BIA,FAST,4.A.Red,2026-04-07,13,1536.0,1521.0,5.459,23.119
CAL.R-BIA,FAST,4.A.Red,2026-05-02,1,1534.0,1522.0,4.125,5.385
CAL.R-BIA,FAST,4.A.Red,2026-06-30,11,1521.0,1499.0,97.98,410.937
CAL.R-BIA,FAST,4.B.Blue,2026-04-07,13,870.0,870.0,0.374,0.286
CAL.R-BIA,FAST,4.B.Blue,2026-05-02,1,884.0,884.0,0.363,0.275
CAL.R-BIA,FAST,4.B.Blue,2026-06-30,11,865.0,865.0,0.376,0.294
CAL.R-BIA,FAST,4.B.Green,2026-04-07,13,795.0,796.0,1.348,0.421
CAL.R-BIA,FAST,4.B.Green,2026-05-02,1,815.0,816.0,1.299,0.411
CAL.R-BIA,FAST,4.B.Green,2026-06-30,11,790.0,791.0,1.362,0.463
CAL.R-BIA,FAST,4.B.Red,2026-04-07,13,1922.0,1922.0,0.324,0.543
CAL.R-BIA,FAST,4.B.Red,2026-05-02,1,1946.0,1947.0,0.273,0.518
CAL.R-BIA,FAST,4.B.Red,2026-06-30,11,1909.0,1910.0,0.315,0.554
CAL.R-BIA,SLOW,1.A.Green,2026-04-07,11,692.0,695.0,0.988,0.089
CAL.R-BIA,SLOW,1.A.Green,2026-06-30,11,693.0,695.0,0.975,0.089
CAL.R-BIA,SLOW,1.A.Red,2026-04-07,11,1664.0,1664.0,0.245,0.068
CAL.R-BIA,SLOW,1.A.Red,2026-06-30,11,1662.0,1662.0,0.259,0.069
CAL.R-BIA,SLOW,1.B.Blue,2026-04-07,11,703.0,703.0,0.054,0.056
CAL.R-BIA,SLOW,1.B.Blue,2026-06-30,11,703.0,703.0,0.056,0.055
CAL.R-BIA,SLOW,1.B.Green,2026-04-07,11,660.0,660.0,0.051,0.067
CAL.R-BIA,SLOW,1.B.Green,2026-06-30,11,659.0,659.0,0.05,0.067
CAL.R-BIA,SLOW,1.B.Red,2026-04-07,11,1676.0,1676.0,0.194,0.066
CAL.R-BIA,SLOW,1.B.Red,2026-06-30,11,1677.0,1677.0,0.198,0.066
CAL.R-BIA,SLOW,2.A.Blue,2026-04-07,11,549.0,549.0,0.059,0.056
CAL.R-BIA,SLOW,2.A.Blue,2026-06-30,11,549.0,549.0,0.058,0.057
CAL.R-BIA,SLOW,2.A.Green,2026-04-07,11,636.0,636.0,0.118,0.066
CAL.R-BIA,SLOW,2.A.Green,2026-06-30,11,636.0,636.0,0.118,0.066
CAL.R-BIA,SLOW,2.A.Red,2026-04-07,11,1585.0,1585.0,0.076,0.081
CAL.R-BIA,SLOW,2.A.Red,2026-06-30,11,1586.0,1586.0,0.074,0.081
CAL.R-BIA,SLOW,2.B.Blue,2026-04-07,11,502.0,501.0,0.518,0.09
CAL.R-BIA,SLOW,2.B.Blue,2026-06-30,11,502.0,501.0,0.518,0.09
CAL.R-BIA,SLOW,2.B.Green,2026-04-07,11,632.0,631.0,0.386,0.061
CAL.R-BIA,SLOW,2.B.Green,2026-06-30,11,631.0,630.0,0.38,0.06
CAL.R-BIA,SLOW,2.B.Red,2026-04-07,11,1563.0,1563.0,0.05,0.061
CAL.R-BIA,SLOW,2.B.Red,2026-06-30,11,1561.0,1561.0,0.051,0.061
CAL.R-BIA,SLOW,3.A.Blue,2026-04-07,11,493.0,492.0,1436.559,0.049
CAL.R-BIA,SLOW,3.A.Blue,2026-06-30,11,494.0,492.0,1436.556,0.049
CAL.R-BIA,SLOW,3.A.Green,2026-04-07,11,693.0,692.0,0.535,0.073
CAL.R-BIA,SLOW,3.A.Green,2026-06-30,11,693.0,691.0,0.542,0.074
CAL.R-BIA,SLOW,3.A.Red,2026-04-07,11,1680.0,1679.0,0.055,0.059
CAL.R-BIA,SLOW,3.A.Red,2026-06-30,11,1681.0,1681.0,0.06,0.061
CAL.R-BIA,SLOW,3.B.Blue,2026-04-07,11,834.0,834.0,0.069,0.058
CAL.R-BIA,SLOW,3.B.Blue,2026-06-30,11,834.0,834.0,0.068,0.058
CAL.R-BIA,SLOW,3.B.Green,2026-04-07,11,674.0,673.0,0.461,0.058
CAL.R-BIA,SLOW,3.B.Green,2026-06-30,11,676.0,675.0,0.442,0.058
CAL.R-BIA,SLOW,3.B.Red,2026-04-07,11,1610.0,1610.0,0.16,0.079
CAL.R-BIA,SLOW,3.B.Red,2026-06-30,11,1610.0,1610.0,0.126,0.076
CAL.R-BIA,SLOW,4.A.Green,2026-04-07,11,299.0,297.0,0.747,0.067
CAL.R-BIA,SLOW,4.A.Green,2026-06-30,11,300.0,299.0,0.72,0.065
CAL.R-BIA,SLOW,4.A.Red,2026-04-07,11,1535.0,1535.0,0.085,0.053
CAL.R-BIA,SLOW,4.A.Red,2026-06-30,11,1534.0,1534.0,0.091,0.055
CAL.R-BIA,SLOW,4.B.Blue,2026-04-07,11,676.0,677.0,0.06,0.054
CAL.R-BIA,SLOW,4.B.Blue,2026-06-30,11,676.0,676.0,0.06,0.054
CAL.R-BIA,SLOW,4.B.Green,2026-04-07,11,667.0,667.0,0.206,0.064
CAL.R-BIA,SLOW,4.B.Green,2026-06-30,11,667.0,667.0,0.207,0.064
CAL.R-BIA,SLOW,4.B.Red,2026-04-07,11,1717.0,1718.0,0.088,0.057
CAL.R-BIA,SLOW,4.B.Red,2026-06-30,11,1716.0,1716.0,0.095,0.057
CAL.R-DRK,SLOW,1.A.Green,2026-04-07,3,690.0,695.0,2.12,0.098
CAL.R-DRK,SLOW,1.A.Green,2026-06-30,3,691.0,695.0,2.12,0.125
CAL.R-DRK,SLOW,1.A.Red,2026-04-07,3,1694.0,1701.0,3.098,0.466
CAL.R-DRK,SLOW,1.A.Red,2026-06-30,3,1693.0,1701.0,3.234,0.394
CAL.R-DRK,SLOW,1.B.Blue,2026-04-07,3,707.0,707.0,0.115,0.201
CAL.R-DRK,SLOW,1.B.Blue,2026-06-30,3,710.0,710.0,0.171,0.335
CAL.R-DRK,SLOW,1.B.Green,2026-04-07,3,664.0,664.0,0.243,0.11
CAL.R-DRK,SLOW,1.B.Green,2026-06-30,3,664.0,664.0,0.216,0.126
CAL.R-DRK,SLOW,1.B.Red,2026-04-07,3,1676.0,1677.0,0.276,0.085
CAL.R-DRK,SLOW,1.B.Red,2026-06-30,3,1677.0,1678.0,0.285,0.089
CAL.R-DRK,SLOW,2.A.Blue,2026-04-07,3,551.0,551.0,0.069,0.078
CAL.R-DRK,SLOW,2.A.Blue,2026-06-30,3,550.0,550.0,0.067,0.137
CAL.R-DRK,SLOW,2.A.Green,2026-04-07,3,642.0,643.0,0.372,0.273
CAL.R-DRK,SLOW,2.A.Green,2026-06-30,3,642.0,643.0,0.354,0.275
CAL.R-DRK,SLOW,2.A.Red,2026-04-07,3,1586.0,1586.0,0.095,0.1
CAL.R-DRK,SLOW,2.A.Red,2026-06-30,3,1587.0,1587.0,0.088,0.106
CAL.R-DRK,SLOW,2.B.Blue,2026-04-07,3,504.0,502.0,0.76,0.114
CAL.R-DRK,SLOW,2.B.Blue,2026-06-30,3,504.0,502.0,0.763,0.108
CAL.R-DRK,SLOW,2.B.Green,2026-04-07,3,635.0,634.0,0.906,0.158
CAL.R-DRK,SLOW,2.B.Green,2026-06-30,3,634.0,633.0,0.885,0.193
CAL.R-DRK,SLOW,2.B.Red,2026-04-07,3,1563.0,1563.0,0.057,0.07
CAL.R-DRK,SLOW,2.B.Red,2026-06-30,3,1562.0,1562.0,0.059,0.076
CAL.R-DRK,SLOW,3.A.Blue,2026-04-07,3,498.0,496.0,1436.476,0.119
CAL.R-DRK,SLOW,3.A.Blue,2026-06-30,3,498.0,496.0,1436.474,0.12
CAL.R-DRK,SLOW,3.A.Green,2026-04-07,3,695.0,693.0,0.699,0.112
CAL.R-DRK,SLOW,3.A.Green,2026-06-30,3,695.0,693.0,0.81,0.125
CAL.R-DRK,SLOW,3.A.Red,2026-04-07,3,1681.0,1682.0,0.108,0.121
CAL.R-DRK,SLOW,3.A.Red,2026-06-30,3,1683.0,1683.0,0.131,0.132
CAL.R-DRK,SLOW,3.B.Blue,2026-04-07,3,834.0,835.0,0.074,0.084
CAL.R-DRK,SLOW,3.B.Blue,2026-06-30,3,834.0,834.0,0.074,0.123
CAL.R-DRK,SLOW,3.B.Green,2026-04-07,3,677.0,676.0,0.597,0.095
CAL.R-DRK,SLOW,3.B.Green,2026-06-30,3,678.0,677.0,0.408,0.105
CAL.R-DRK,SLOW,3.B.Red,2026-04-07,3,1610.0,1611.0,0.207,0.094
CAL.R-DRK,SLOW,3.B.Red,2026-06-30,3,1610.0,1611.0,0.165,0.096
CAL.R-DRK,SLOW,4.A.Green,2026-04-07,3,301.0,299.0,0.726,0.104
CAL.R-DRK,SLOW,4.A.Green,2026-06-30,3,303.0,301.0,0.71,0.154
CAL.R-DRK,SLOW,4.A.Red,2026-04-07,3,1536.0,1536.0,0.1,0.097
CAL.R-DRK,SLOW,4.A.Red,2026-06-30,3,1535.0,1536.0,0.124,0.116
CAL.R-DRK,SLOW,4.B.Blue,2026-04-07,3,677.0,677.0,0.114,0.088
CAL.R-DRK,SLOW,4.B.Blue,2026-06-30,3,677.0,677.0,0.101,0.108
CAL.R-DRK,SLOW,4.B.Green,2026-04-07,3,669.0,670.0,0.431,0.136
CAL.R-DRK,SLOW,4.B.Green,2026-06-30,3,669.0,670.0,0.438,0.206
CAL.R-DRK,SLOW,4.B.Red,2026-04-07,3,1721.0,1721.0,0.2,0.12
CAL.R-DRK,SLOW,4.B.Red,2026-06-30,3,1720.0,1721.0,0.252,0.12
CAL.R-FLT,FAST,1.A.Green,2026-04-07,12,1021.5,11153.5,4937.162,4661.302
CAL.R-FLT,FAST,1.A.Green,2026-05-02,12,1051.0,13395.5,5928.484,5560.365
CAL.R-FLT,FAST,1.A.Green,2026-06-30,12,1106.5,17455.0,6675.723,6421.755
CAL.R-FLT,FAST,1.A.Red,2026-04-07,12,1996.5,17178.0,8600.871,8887.285
CAL.R-FLT,FAST,1.A.Red,2026-05-02,12,2051.0,21797.0,9158.02,9284.443
CAL.R-FLT,FAST,1.A.Red,2026-06-30,12,2136.0,31414.5,8857.915,9886.706
CAL.R-FLT,FAST,1.B.Blue,2026-04-07,12,1311.0,4039.0,1967.822,3738.987
CAL.R-FLT,FAST,1.B.Blue,2026-05-02,12,1327.0,4868.0,2363.967,4581.321
CAL.R-FLT,FAST,1.B.Blue,2026-06-30,12,1360.5,5326.0,3123.2,5810.516
CAL.R-FLT,FAST,1.B.Green,2026-04-07,12,1249.5,17729.0,6301.05,5629.29
CAL.R-FLT,FAST,1.B.Green,2026-05-02,12,1289.0,21459.0,7499.1,6758.719
CAL.R-FLT,FAST,1.B.Green,2026-06-30,12,1361.0,26342.0,7083.782,7781.728
CAL.R-FLT,FAST,1.B.Red,2026-04-07,12,1963.5,28075.0,6513.196,11930.987
CAL.R-FLT,FAST,1.B.Red,2026-05-02,12,2054.75,38657.5,6828.974,12057.397
CAL.R-FLT,FAST,1.B.Red,2026-06-30,12,2203.0,47568.0,6770.025,11983.515
CAL.R-FLT,FAST,2.A.Blue,2026-04-07,12,907.5,4884.0,2661.576,4214.332
CAL.R-FLT,FAST,2.A.Blue,2026-05-02,12,928.5,5593.5,3303.402,5175.008
CAL.R-FLT,FAST,2.A.Blue,2026-06-30,12,966.5,7348.5,4092.952,6555.425
CAL.R-FLT,FAST,2.A.Green,2026-04-07,12,1062.0,15992.5,6842.119,5357.228
CAL.R-FLT,FAST,2.A.Green,2026-05-02,12,1104.0,18999.5,8226.664,6443.204
CAL.R-FLT,FAST,2.A.Green,2026-06-30,12,1165.5,25148.0,8916.414,7565.222
CAL.R-FLT,FAST,2.A.Red,2026-04-07,12,1190.5,28415.5,10561.281,12291.405
CAL.R-FLT,FAST,2.A.Red,2026-05-02,12,1268.5,39307.0,9917.239,12554.124
CAL.R-FLT,FAST,2.A.Red,2026-06-30,12,1389.0,47335.5,9191.11,12329.9
CAL.R-FLT,FAST,2.B.Blue,2026-04-07,12,1515.0,3574.5,2452.68,3738.745
CAL.R-FLT,FAST,2.B.Blue,2026-05-02,12,1532.0,4157.5,3007.441,4604.61
CAL.R-FLT,FAST,2.B.Blue,2026-06-30,12,1566.5,4830.5,3793.348,5841.265
CAL.R-FLT,FAST,2.B.Green,2026-04-07,12,932.0,12241.5,7957.204,5988.911
CAL.R-FLT,FAST,2.B.Green,2026-05-02,12,981.5,14557.5,9083.794,6877.381
CAL.R-FLT,FAST,2.B.Green,2026-06-30,12,1043.0,18262.0,9803.504,7604.984
CAL.R-FLT,FAST,2.B.Red,2026-04-07,12,2033.5,29476.0,10099.654,11097.297
CAL.R-FLT,FAST,2.B.Red,2026-05-02,12,2115.0,44242.5,9486.181,10985.31
CAL.R-FLT,FAST,2.B.Red,2026-06-30,12,2244.0,47779.0,8191.087,10238.139
CAL.R-FLT,FAST,3.A.Blue,2026-04-07,12,1541.5,4219.0,3147.75,4159.708
CAL.R-FLT,FAST,3.A.Blue,2026-05-02,12,1559.5,4551.0,3780.44,5047.408
CAL.R-FLT,FAST,3.A.Blue,2026-06-30,12,1591.0,5872.5,4511.377,6362.252
CAL.R-FLT,FAST,3.A.Green,2026-04-07,12,988.0,12641.5,7993.262,5656.612
CAL.R-FLT,FAST,3.A.Green,2026-05-02,12,1026.5,14854.0,9183.822,6525.401
CAL.R-FLT,FAST,3.A.Green,2026-06-30,12,1091.0,19200.0,9775.479,7243.808
CAL.R-FLT,FAST,3.A.Red,2026-04-07,12,2129.0,20273.0,10848.41,9908.096
CAL.R-FLT,FAST,3.A.Red,2026-05-02,12,2212.5,27655.0,11101.867,10347.745
CAL.R-FLT,FAST,3.A.Red,2026-06-30,12,2341.0,42644.5,10986.66,10446.632
CAL.R-FLT,FAST,3.B.Blue,2026-04-07,12,1202.5,6321.5,3093.36,5121.69
CAL.R-FLT,FAST,3.B.Blue,2026-05-02,12,1229.5,6815.5,3904.133,6230.743
CAL.R-FLT,FAST,3.B.Blue,2026-06-30,12,1274.5,9153.0,4683.833,7866.295
CAL.R-FLT,FAST,3.B.Green,2026-04-07,12,1116.5,16841.0,7945.866,7070.851
CAL.R-FLT,FAST,3.B.Green,2026-05-02,12,1166.0,19963.5,9126.859,8047.588
CAL.R-FLT,FAST,3.B.Green,2026-06-30,12,1250.5,25812.5,9693.513,8899.803
CAL.R-FLT,FAST,3.B.Red,2026-04-07,12,2002.5,36763.5,7532.313,11724.324
CAL.R-FLT,FAST,3.B.Red,2026-05-02,12,2120.5,50655.0,7554.002,11608.256
CAL.R-FLT,FAST,3.B.Red,2026-06-30,12,2293.0,51968.5,7423.641,11100.24
CAL.R-FLT,FAST,4.A.Green,2026-04-07,12,1077.0,15673.5,5664.067,6888.716
CAL.R-FLT,FAST,4.A.Green,2026-05-02,12,1115.5,18536.0,6442.814,7802.895
CAL.R-FLT,FAST,4.A.Green,2026-06-30,12,1179.0,24325.0,7059.73,8668.767
CAL.R-FLT,FAST,4.A.Red,2026-04-07,12,1928.0,30586.5,10988.423,11833.623
CAL.R-FLT,FAST,4.A.Red,2026-05-02,12,2013.0,45564.5,10110.591,11959.179
CAL.R-FLT,FAST,4.A.Red,2026-06-30,12,2120.0,48807.0,9125.321,11884.91
CAL.R-FLT,FAST,4.B.Blue,2026-04-07,12,982.0,4942.5,3000.594,5185.677
CAL.R-FLT,FAST,4.B.Blue,2026-05-02,12,1001.0,5540.0,3695.997,6303.613
CAL.R-FLT,FAST,4.B.Blue,2026-06-30,12,1032.5,7593.5,4467.426,7923.482
CAL.R-FLT,FAST,4.B.Green,2026-04-07,12,1043.0,14585.5,9428.273,6840.57
CAL.R-FLT,FAST,4.B.Green,2026-05-02,12,1088.0,17357.5,10294.292,7540.309
CAL.R-FLT,FAST,4.B.Green,2026-06-30,12,1165.0,22945.5,10851.312,8234.263
CAL.R-FLT,FAST,4.B.Red,2026-04-07,12,2307.5,29755.0,9377.373,11819.259
CAL.R-FLT,FAST,4.B.Red,2026-05-02,12,2388.5,44611.5,9627.161,11977.364
CAL.R-FLT,FAST,4.B.Red,2026-06-30,12,2492.0,48381.5,9531.714,11902.018
CAL.R-SKY,FAST,1.A.Green,2026-05-02,2,925.0,4483.5,1731.922,1517.337
CAL.R-SKY,FAST,1.A.Green,2026-06-30,6,939.0,5242.5,1995.087,1821.661
CAL.R-SKY,FAST,1.A.Red,2026-05-02,2,1811.0,4000.0,2630.615,4245.326
CAL.R-SKY,FAST,1.A.Red,2026-06-30,6,1835.0,5153.5,3553.308,5581.909
CAL.R-SKY,FAST,1.B.Blue,2026-05-02,2,1247.5,1938.5,534.427,1278.866
CAL.R-SKY,FAST,1.B.Blue,2026-06-30,6,1259.0,2069.5,743.866,1672.7
CAL.R-SKY,FAST,1.B.Green,2026-05-02,2,1103.0,6416.0,1875.545,1677.776
CAL.R-SKY,FAST,1.B.Green,2026-06-30,6,1112.5,7088.5,2224.751,2052.429
CAL.R-SKY,FAST,1.B.Red,2026-05-02,2,1640.0,4716.5,1721.002,4863.836
CAL.R-SKY,FAST,1.B.Red,2026-06-30,6,1679.0,6255.5,2305.035,6297.466
CAL.R-SKY,FAST,2.A.Blue,2026-05-02,2,836.0,1761.0,747.858,1381.35
CAL.R-SKY,FAST,2.A.Blue,2026-06-30,6,848.0,2266.0,990.482,1862.019
CAL.R-SKY,FAST,2.A.Green,2026-05-02,2,926.0,5542.5,2055.932,1556.645
CAL.R-SKY,FAST,2.A.Green,2026-06-30,6,927.5,6564.5,2329.163,1894.068
CAL.R-SKY,FAST,2.A.Red,2026-05-02,2,902.5,3938.0,5125.998,5488.198
CAL.R-SKY,FAST,2.A.Red,2026-06-30,6,938.5,5009.0,7214.95,7163.873
CAL.R-SKY,FAST,2.B.Blue,2026-05-02,2,1450.0,1918.5,640.323,1188.955
CAL.R-SKY,FAST,2.B.Blue,2026-06-30,6,1460.0,2084.5,864.323,1578.831
CAL.R-SKY,FAST,2.B.Green,2026-05-02,2,804.0,4089.0,2305.906,1757.999
CAL.R-SKY,FAST,2.B.Green,2026-06-30,6,823.0,4509.0,2649.681,2077.784
CAL.R-SKY,FAST,2.B.Red,2026-05-02,2,1726.0,3598.0,5675.558,4656.4
CAL.R-SKY,FAST,2.B.Red,2026-06-30,6,1760.5,4388.0,7627.333,6038.697
CAL.R-SKY,FAST,3.A.Blue,2026-05-02,2,1470.0,2005.0,1609.943,1255.447
CAL.R-SKY,FAST,3.A.Blue,2026-06-30,6,1475.5,2319.5,1656.546,1687.362
CAL.R-SKY,FAST,3.A.Green,2026-05-02,2,848.0,4133.0,2316.716,1524.936
CAL.R-SKY,FAST,3.A.Green,2026-06-30,6,851.5,4814.0,2649.918,1812.072
CAL.R-SKY,FAST,3.A.Red,2026-05-02,2,1818.5,3549.5,3801.413,4555.477
CAL.R-SKY,FAST,3.A.Red,2026-06-30,6,1852.0,4417.0,5114.651,5991.869
CAL.R-SKY,FAST,3.B.Blue,2026-05-02,2,1100.0,2090.5,727.094,1469.814
CAL.R-SKY,FAST,3.B.Blue,2026-06-30,6,1108.0,2597.5,934.905,1936.636
CAL.R-SKY,FAST,3.B.Green,2026-05-02,2,933.5,5141.5,2126.533,1673.738
CAL.R-SKY,FAST,3.B.Green,2026-06-30,6,944.0,5941.5,2414.632,2061.145
CAL.R-SKY,FAST,3.B.Red,2026-05-02,2,1575.0,3985.5,2047.978,4906.504
CAL.R-SKY,FAST,3.B.Red,2026-06-30,6,1614.5,5134.0,2762.318,6365.636
CAL.R-SKY,FAST,4.A.Green,2026-05-02,2,924.5,4763.0,1558.23,1927.958
CAL.R-SKY,FAST,4.A.Green,2026-06-30,6,926.0,5620.0,1783.206,2228.839
CAL.R-SKY,FAST,4.A.Red,2026-05-02,2,1599.0,3465.5,5748.509,4380.96
CAL.R-SKY,FAST,4.A.Red,2026-06-30,6,1608.0,4315.0,7727.807,5733.952
CAL.R-SKY,FAST,4.B.Blue,2026-05-02,2,897.0,1698.5,715.795,1466.36
CAL.R-SKY,FAST,4.B.Blue,2026-06-30,6,897.5,2151.0,931.55,1952.169
CAL.R-SKY,FAST,4.B.Green,2026-05-02,2,862.5,4517.5,2624.169,1845.972
CAL.R-SKY,FAST,4.B.Green,2026-06-30,6,863.0,5337.5,3021.123,2222.843
CAL.R-SKY,FAST,4.B.Red,2026-05-02,2,1990.5,3702.5,2664.891,4475.627
CAL.R-SKY,FAST,4.B.Red,2026-06-30,6,1994.5,4424.5,3659.549,5860.167
CAL.R-SKY,SLOW,1.A.Green,2026-05-02,6,743.0,4525.5,1868.414,1696.493
CAL.R-SKY,SLOW,1.A.Green,2026-06-30,10,733.0,3670.5,1353.952,1193.974
CAL.R-SKY,SLOW,1.A.Red,2026-05-02,6,1733.5,4607.5,3439.468,5451.691
CAL.R-SKY,SLOW,1.A.Red,2026-06-30,10,1706.5,3611.5,2133.914,3420.556
CAL.R-SKY,SLOW,1.B.Blue,2026-05-02,6,727.0,1504.0,593.209,1407.737
CAL.R-SKY,SLOW,1.B.Blue,2026-06-30,10,723.0,1266.0,502.174,1135.116
CAL.R-SKY,SLOW,1.B.Green,2026-05-02,6,724.5,6443.5,2009.137,1897.579
CAL.R-SKY,SLOW,1.B.Green,2026-06-30,10,708.5,4806.5,1524.995,1361.758
CAL.R-SKY,SLOW,1.B.Red,2026-05-02,6,1780.5,5662.0,2210.977,6189.001
CAL.R-SKY,SLOW,1.B.Red,2026-06-30,10,1741.5,4421.5,1374.418,3858.717
CAL.R-SKY,SLOW,2.A.Blue,2026-05-02,6,578.0,1656.0,836.331,1543.713
CAL.R-SKY,SLOW,2.A.Blue,2026-06-30,10,573.0,1593.0,660.285,1271.464
CAL.R-SKY,SLOW,2.A.Green,2026-05-02,6,701.0,5625.0,2197.162,1734.993
CAL.R-SKY,SLOW,2.A.Green,2026-06-30,10,685.0,4586.0,1580.606,1252.672
CAL.R-SKY,SLOW,2.A.Red,2026-05-02,6,1683.0,5263.5,6950.654,7022.031
CAL.R-SKY,SLOW,2.A.Red,2026-06-30,10,1647.0,4074.5,4369.149,4444.122
CAL.R-SKY,SLOW,2.B.Blue,2026-05-02,6,527.0,1058.0,722.466,1331.017
CAL.R-SKY,SLOW,2.B.Blue,2026-06-30,10,522.0,945.0,589.092,1082.903
CAL.R-SKY,SLOW,2.B.Green,2026-05-02,6,697.0,4159.0,2444.196,1962.641
CAL.R-SKY,SLOW,2.B.Green,2026-06-30,10,695.0,3173.5,1809.512,1361.941
CAL.R-SKY,SLOW,2.B.Red,2026-05-02,6,1653.5,4066.0,7311.352,5943.413
CAL.R-SKY,SLOW,2.B.Red,2026-06-30,10,1618.5,3098.5,4674.466,3717.782
CAL.R-SKY,SLOW,3.A.Blue,2026-05-02,6,520.5,1122.0,1607.4,1393.104
CAL.R-SKY,SLOW,3.A.Blue,2026-06-30,10,515.5,1077.5,1538.051,1145.058
CAL.R-SKY,SLOW,3.A.Green,2026-05-02,6,753.0,4278.5,2461.285,1694.498
CAL.R-SKY,SLOW,3.A.Green,2026-06-30,10,736.5,3481.0,1792.802,1188.186
CAL.R-SKY,SLOW,3.A.Red,2026-05-02,6,1774.0,4011.5,4970.09,5864.534
CAL.R-SKY,SLOW,3.A.Red,2026-06-30,10,1739.0,3193.5,3108.739,3699.545
CAL.R-SKY,SLOW,3.B.Blue,2026-05-02,6,866.5,1992.5,813.343,1633.221
CAL.R-SKY,SLOW,3.B.Blue,2026-06-30,10,860.5,1870.0,636.042,1325.344
CAL.R-SKY,SLOW,3.B.Green,2026-05-02,6,740.0,5223.0,2271.467,1794.17
CAL.R-SKY,SLOW,3.B.Green,2026-06-30,10,726.5,4144.0,1651.294,1410.361
CAL.R-SKY,SLOW,3.B.Red,2026-05-02,6,1726.5,4824.0,2641.073,6254.939
CAL.R-SKY,SLOW,3.B.Red,2026-06-30,10,1682.5,3670.0,1649.564,3907.933
CAL.R-SKY,SLOW,4.A.Green,2026-05-02,6,356.5,4444.0,1676.274,2184.014
CAL.R-SKY,SLOW,4.A.Green,2026-06-30,10,345.0,3540.0,1205.737,1433.885
CAL.R-SKY,SLOW,4.A.Red,2026-05-02,6,1624.0,4063.5,7440.022,5649.257
CAL.R-SKY,SLOW,4.A.Red,2026-06-30,10,1589.5,3145.5,4737.499,3531.406
CAL.R-SKY,SLOW,4.B.Blue,2026-05-02,6,703.5,1608.0,801.897,1627.856
CAL.R-SKY,SLOW,4.B.Blue,2026-06-30,10,699.0,1525.0,635.839,1331.399
CAL.R-SKY,SLOW,4.B.Green,2026-05-02,6,734.5,4663.5,2798.331,2053.038
CAL.R-SKY,SLOW,4.B.Green,2026-06-30,10,718.5,3796.5,2065.88,1473.708
CAL.R-SKY,SLOW,4.B.Red,2026-05-02,6,1800.5,4009.0,3519.096,5763.269
CAL.R-SKY,SLOW,4.B.Red,2026-06-30,10,1768.5,3149.0,2172.834,3605.85
